{"cameraMode":{"drawMode":0,"name":"Shaded","section":"Shading Mode"},"sceneLighting":true,"audioPlay":false,"sceneViewState":{"m_AlwaysRefresh":false,"showFog":true,"showSkybox":true,"showFlares":true,"showImageEffects":true,"showParticleSystems":true,"showVisualEffectGraphs":true,"m_FxEnabled":true},"in2DMode":false,"pivot":{"x":-11.112751007080079,"y":11.52308177947998,"z":22.552011489868165},"rotation":{"x":0.20524846017360688,"y":0.1042761504650116,"z":-0.02196238562464714,"w":0.9729129672050476},"size":12.715505599975586,"orthographic":false}