{"cameraMode":{"drawMode":0,"name":"Shaded","section":"Shading Mode"},"sceneLighting":false,"audioPlay":false,"sceneViewState":{"m_AlwaysRefresh":false,"showFog":true,"showSkybox":false,"showFlares":true,"showImageEffects":true,"showParticleSystems":true,"showVisualEffectGraphs":true,"m_FxEnabled":true},"in2DMode":false,"pivot":{"x":0.3955487012863159,"y":-0.09755927324295044,"z":-0.06760585308074951},"rotation":{"x":0.24443651735782624,"y":0.08578208833932877,"z":-0.02161421999335289,"w":0.9656683206558228},"size":0.8660253882408142,"orthographic":false}